HUM;TEM;NOX;CO;UV;label
57;20;4;40;223;1
57;20;3;35;222;1
57;20;3;33;222;1
57;20;3;30;223;1
57;20;3;27;223;1
57;20;3;27;223;1
57;20;3;27;223;1
57;20;3;26;223;1
57;20;3;8;223;1
57;20;3;29;223;1
57;20;3;30;223;1
56;20;3;28;223;1
56;20;3;27;222;1
56;20;3;27;223;1
56;20;3;26;222;1
56;20;3;25;223;1
56;20;3;26;223;1
56;20;2;25;222;1
56;20;3;25;223;1
56;20;3;25;223;1
56;20;3;25;223;1
56;20;3;25;223;1
56;20;2;25;223;1
56;20;2;25;223;1
56;20;2;25;223;1
55;20;3;25;223;1
55;20;3;25;223;1
56;20;3;25;223;1
56;20;3;25;223;1
64;18;3;8;222;1
64;18;3;30;222;1
64;18;3;35;222;1
64;17;3;31;222;1
64;17;3;27;222;1
64;17;3;25;221;1
64;17;2;24;222;1
64;17;7;23;222;1
64;17;7;23;222;1
64;17;5;23;221;1
64;17;4;22;222;1
64;17;4;23;222;1
65;17;4;23;221;1
65;17;4;23;221;1
65;17;4;23;221;1
65;17;4;23;221;1
65;17;4;22;222;1
65;17;4;22;222;1
66;17;4;23;221;1
65;17;4;23;221;1
65;17;4;22;222;1
65;17;4;22;222;1
65;17;4;22;222;1
65;17;4;22;222;1
65;17;4;22;222;1
65;17;3;22;221;1
65;17;3;22;221;1
65;17;3;22;222;1
65;17;3;22;221;1
65;17;3;23;222;1
65;17;3;23;222;1
66;17;3;22;222;1
65;17;3;22;222;1
65;17;3;23;222;1
65;17;3;22;222;1
65;17;3;22;222;1
65;17;3;22;221;1
65;17;3;22;222;1
65;17;3;23;222;1
65;17;3;22;222;1
65;18;3;22;222;1
65;18;3;22;222;1
65;18;3;22;222;1
65;17;3;23;222;1
65;18;3;22;222;1
65;18;3;22;222;1
65;18;3;22;222;1
65;18;3;22;222;1
64;18;3;21;222;1
64;18;3;21;222;1
62;20;3;10;227;1
59;21;3;73;223;1
58;20;3;75;223;1
58;20;3;49;222;1
59;20;1;36;223;1
59;20;3;31;222;1
58;19;2;29;222;1
59;19;2;27;222;1
59;19;2;28;222;1
60;19;2;27;221;1
61;18;2;26;221;1
62;18;2;25;222;1
63;18;2;25;222;1
63;17;2;25;222;1
64;17;2;24;225;1
64;17;2;25;224;1
64;17;2;24;224;1
64;17;2;24;224;1
64;17;2;24;224;1
65;17;3;24;223;1
65;17;3;24;222;1
65;17;3;25;221;1
66;17;3;25;221;1
66;17;3;25;223;1
67;17;3;24;227;1
67;17;3;24;229;1
66;17;3;24;227;1
66;17;3;24;226;1
66;17;3;24;226;1
66;17;3;24;226;1
65;17;3;24;226;1
65;17;3;24;226;1
65;17;3;24;226;1
66;17;3;24;226;1
67;16;3;24;226;1
67;16;3;24;226;1
67;16;2;24;226;1
67;16;3;24;226;1
68;16;3;24;226;1
68;16;3;24;226;1
68;16;4;23;226;1
68;16;3;24;226;1
68;16;3;23;226;1
68;16;3;24;226;1
68;16;3;24;226;1
69;16;3;24;226;1
69;16;4;23;226;1
69;16;4;24;226;1
69;16;4;23;226;1
69;16;4;24;226;1
69;16;5;23;226;1
70;16;5;23;226;1
70;16;5;23;226;1
70;16;5;23;226;1
70;16;2;23;226;1
70;16;2;23;226;1
71;15;2;23;226;1
71;15;2;23;226;1
71;15;3;23;226;1
71;16;3;23;226;1
71;15;3;23;226;1
71;16;3;23;226;1
71;15;3;23;226;1
71;15;3;23;226;1
71;15;3;23;226;1
71;15;3;23;226;1
72;15;3;23;231;1
72;15;3;24;227;1
72;15;3;25;230;1
73;16;2;25;229;1
73;16;2;25;229;1
73;16;2;25;229;1
72;16;2;26;229;1
71;17;2;26;229;1
71;17;2;26;229;1
70;17;2;26;229;1
70;17;2;26;229;1
69;17;2;26;229;1
69;17;2;26;229;1
68;17;2;26;229;1
68;17;2;26;229;1
67;18;2;27;229;1
67;18;2;28;230;1
67;18;2;30;229;1
66;18;2;30;229;1
66;18;2;33;229;1
66;18;2;134;229;1
64;19;2;276;229;1
64;20;2;260;229;1
64;19;2;230;229;1
64;19;2;198;229;1
64;19;2;226;229;1
63;19;4;175;229;1
63;19;4;203;230;1
63;19;3;215;230;1
63;19;3;194;230;1
63;19;3;191;230;1
66;17;3;121;225;1
66;17;3;125;225;1
66;17;3;68;225;1
66;17;3;47;224;1
66;17;3;43;228;1
66;17;3;52;227;1
67;17;3;44;227;1
67;17;3;40;227;1
67;17;3;35;230;1
67;17;3;35;228;1
67;17;3;36;228;1
68;17;3;38;225;1
53;23;3;55;297;1
54;24;3;40;297;1
51;24;3;34;296;1
54;25;3;32;296;1
55;25;3;30;296;1
53;26;3;28;297;1
49;26;3;26;298;1
44;26;3;26;299;1
43;27;2;26;301;1
43;27;2;24;300;1
39;28;1;24;299;1
33;27;3;24;301;1
31;28;3;24;302;1
30;28;2;24;302;1
42;28;2;23;301;1
33;28;2;23;304;1
32;27;2;23;304;1
31;27;2;23;305;1
41;27;2;23;306;1
41;27;2;23;306;1
42;26;2;22;304;1
41;26;2;23;308;1
44;26;2;23;313;1
44;26;2;23;312;1
45;26;2;22;312;1
39;26;2;22;314;1
42;26;2;22;315;1
42;26;2;22;320;1
42;26;2;22;326;1
42;27;2;23;326;1
42;28;2;22;328;1
39;28;2;23;327;1
40;29;2;23;328;1
38;30;2;23;328;1
27;30;2;24;336;1
37;30;2;24;332;1
37;30;2;24;394;1
38;30;2;24;360;1
27;30;2;23;364;1
15;32;2;23;360;1
14;32;2;23;338;1
15;31;2;23;338;1
15;31;2;23;330;1
15;31;2;23;330;1
27;31;2;23;328;1
16;30;2;22;325;1
16;30;2;23;325;1
16;30;2;23;324;1
16;30;2;23;324;1
18;30;2;22;322;1
16;30;2;23;335;1
22;29;2;22;352;1
23;29;2;22;330;1
16;29;2;22;327;1
29;29;2;22;320;1
27;29;2;22;317;1
27;29;2;22;319;1
30;29;2;22;316;1
33;29;2;22;316;1
28;30;2;22;320;1
29;30;3;22;313;1
16;30;2;22;320;1
62;21;2;35;219;1
58;20;2;22;217;1
65;17;2;11;218;1
65;17;2;19;217;1
67;17;2;18;217;1
69;16;2;18;217;1
71;16;7;18;217;1
72;16;7;18;217;1
72;16;7;18;217;1
73;16;6;18;217;1
74;15;2;18;217;1
75;15;2;17;217;1
76;15;2;18;217;1
76;15;2;18;217;1
78;15;2;18;217;1
79;15;2;18;217;1
81;15;2;18;217;1
79;15;2;17;217;1
79;15;2;17;217;1
80;15;2;17;217;1
78;15;2;18;217;1
78;15;2;18;217;1
78;15;2;17;217;1
79;15;2;18;217;1
79;15;2;17;217;1
78;15;2;18;217;1
78;15;2;17;217;1
77;15;2;17;217;1
78;15;2;17;217;1
79;15;2;17;217;1
81;15;2;17;217;1
78;15;2;18;217;1
78;15;2;17;217;1
79;15;2;17;217;1
79;15;2;17;217;1
81;15;2;17;217;1
82;15;2;17;217;1
82;15;2;17;217;1
79;15;2;17;217;1
79;15;2;17;217;1
79;15;2;17;217;1
82;15;2;17;217;1
82;15;2;17;217;1
87;17;2;6;225;1
86;17;3;22;225;1
78;17;4;19;224;1
76;16;4;19;224;1
74;16;5;19;224;1
74;16;5;19;224;1
74;15;5;19;224;1
74;15;5;19;224;1
74;15;5;19;224;1
75;15;6;19;225;1
76;14;6;18;225;1
77;14;7;19;224;1
77;14;6;19;225;1
77;14;5;19;225;1
77;14;4;19;225;1
78;14;6;19;225;1
78;14;3;19;225;1
78;14;2;19;225;1
78;14;6;19;225;1
78;14;4;19;225;1
78;14;4;19;224;1
78;14;4;19;225;1
78;14;4;18;225;1
78;14;4;18;225;1
78;14;4;18;225;1
78;14;4;19;225;1
78;14;3;19;224;1
78;14;3;19;224;1
78;14;2;19;224;1
78;14;3;19;224;1
78;14;4;19;224;1
78;14;4;19;224;1
78;14;3;19;224;1
79;14;4;18;224;1
79;14;33;18;225;1
79;14;3;19;224;1
79;14;3;19;224;1
79;14;3;19;224;1
79;14;3;19;225;1
78;14;3;20;225;1
78;14;3;19;225;1
78;14;3;18;225;1
78;14;3;19;224;1
78;14;3;19;225;1
78;14;3;19;225;1
78;14;3;18;225;1
78;14;3;18;225;1
79;14;3;18;225;1
79;14;3;19;225;1
79;14;3;19;224;1
79;14;3;19;225;1
79;14;3;19;225;1
79;14;3;19;225;1
79;14;3;19;225;1
79;14;3;26;225;1
79;14;3;21;225;1
79;14;3;19;225;1
79;14;3;19;225;1
79;14;3;19;225;1
79;14;3;19;225;1
79;14;3;19;225;1
79;14;3;19;225;1
79;14;3;19;225;1
79;14;3;19;225;1
79;14;3;19;225;1
79;14;3;19;225;1
79;14;3;19;225;1
79;14;2;19;225;1
79;14;2;19;225;1
79;14;2;19;225;1
79;14;3;21;225;1
78;14;3;19;225;1
78;14;3;19;283;1
79;14;3;19;247;1
79;14;3;19;242;1
79;14;3;19;235;1
79;14;3;19;244;1
79;14;3;20;271;1
79;14;3;19;328;1
79;14;3;19;345;1
79;14;3;19;382;1
79;14;5;19;389;1
79;14;4;19;369;1
78;14;4;19;363;1
78;14;4;19;351;1
78;14;4;19;365;1
78;14;4;18;356;1
78;14;4;18;358;1
77;14;4;18;387;1
77;14;4;18;389;1
77;14;4;18;371;1
77;14;4;18;390;1
77;14;4;18;376;1
76;15;4;18;389;1
75;15;4;19;385;1
76;14;4;18;377;1
76;14;4;18;391;1
77;14;3;19;392;1
77;14;3;19;389;1
77;14;3;19;398;1
78;14;3;18;373;1
78;14;3;20;392;1
79;14;3;20;381;1
79;14;3;24;375;1
79;14;3;20;371;1
69;17;3;36;228;1
68;17;3;38;225;1
43;27;3;27;311;1
43;27;3;24;310;1
69;20;3;42;286;1
66;19;3;42;223;1
65;19;3;42;225;1
66;19;3;42;220;1
66;19;3;42;223;1
72;16;3;40;223;1
54;24;3;40;297;1
39;28;3;24;299;1
62;21;3;35;219;1
58;21;3;22;217;1
65;17;3;11;220;1
65;17;3;19;217;1
69;17;3;20;217;1
69;16;3;20;217;1
71;16;3;20;217;1
72;16;3;20;217;1
72;16;3;20;217;1
73;16;1;20;217;1
74;15;3;20;217;1
75;15;2;17;217;1
76;15;2;20;217;1
76;15;2;20;217;1
78;15;2;20;217;1
79;15;2;20;217;1
83;14;2;23;236;1
84;14;2;23;237;1
84;14;2;23;237;1
83;14;2;23;236;1
83;14;2;23;237;2
83;14;2;23;237;2
84;14;2;23;237;2
84;14;2;23;237;2
84;14;3;23;237;2
84;14;3;23;237;2
84;14;3;22;240;2
80;15;3;17;217;2
83;14;3;20;227;2
78;15;3;20;217;2
78;15;3;20;217;2
78;15;3;17;217;2
79;15;3;20;217;2
79;15;3;17;217;2
78;15;3;20;217;2
78;15;3;17;217;2
77;15;3;17;217;2
78;15;3;17;217;2
79;15;3;17;217;2
81;15;3;17;217;2
78;15;2;20;217;2
78;15;3;17;217;2
79;15;3;17;217;2
79;15;3;17;217;2
81;15;4;17;217;2
82;15;3;17;217;2
82;15;3;17;217;2
79;15;3;17;217;2
79;15;3;17;217;2
79;15;3;17;217;2
69;16;4;29;237;2
69;15;4;27;271;2
69;15;4;27;237;2
70;15;4;25;238;2
70;15;5;25;238;2
71;15;5;24;238;2
73;14;5;24;238;2
74;14;5;24;238;2
74;14;4;24;238;2
75;14;4;24;238;2
75;14;7;24;238;2
75;14;7;24;238;2
76;14;7;24;238;2
77;14;7;24;238;2
78;14;7;24;238;2
78;14;7;23;237;2
79;14;6;19;383;2
79;14;4;19;383;2
79;14;5;19;385;2
79;14;3;19;386;2
80;14;2;19;398;2
80;14;3;19;397;2
80;14;2;19;395;2
80;14;2;19;395;2
80;14;2;19;395;2
80;14;2;19;395;2
80;14;2;19;367;2
80;14;2;18;369;2
79;14;2;19;370;2
80;14;2;19;366;2
79;14;2;19;370;2
79;14;2;18;367;2
79;14;2;19;378;2
79;14;2;18;402;2
80;14;3;19;393;2
80;14;3;18;369;2
80;14;3;18;375;2
65;19;3;5;224;2
65;19;3;21;225;2
64;19;3;18;226;2
65;17;3;18;225;2
66;17;3;17;225;2
68;16;3;18;239;2
70;15;3;17;253;2
72;15;3;18;236;2
73;15;2;18;226;2
75;14;2;18;226;2
76;14;2;18;225;2
77;14;2;18;226;2
79;14;2;18;226;2
80;14;2;17;247;2
82;14;2;18;232;2
83;14;2;18;225;2
83;14;2;18;226;2
84;14;2;18;226;2
84;14;2;18;245;2
84;14;2;17;264;2
84;14;2;18;312;2
84;14;2;17;315;2
84;14;2;17;296;2
84;14;2;17;309;2
84;14;2;17;288;2
84;14;2;17;411;2
86;14;2;17;414;2
86;14;2;17;398;2
84;14;2;17;404;2
84;14;2;17;399;2
84;14;2;17;397;2
84;14;4;17;400;2
84;14;3;17;390;2
83;14;3;18;399;2
83;14;3;17;404;2
83;14;3;18;408;2
83;14;3;17;400;2
83;14;3;18;391;2
83;14;3;18;378;2
69;16;3;11;239;2
68;16;3;44;237;2
69;16;3;34;236;2
69;16;3;29;237;2
69;15;3;26;271;2
69;15;3;26;237;2
70;15;3;25;238;2
70;15;3;25;238;2
71;15;3;24;238;2
73;14;3;24;238;2
74;14;2;24;238;2
74;14;1;24;238;2
75;14;3;24;238;2
75;14;3;24;238;2
75;14;3;24;238;2
76;14;3;24;238;2
77;14;2;24;238;2
78;14;2;24;238;2
78;14;2;23;237;2
79;14;2;23;237;2
79;13;2;23;237;2
79;14;2;23;237;2
80;14;2;23;237;2
80;14;2;23;237;2
82;14;2;23;237;2
82;14;2;23;237;2
82;14;2;23;237;2
82;14;2;23;237;2
82;14;2;23;237;2
83;14;2;23;236;2
83;14;2;23;236;2
84;14;2;23;237;2
84;14;2;23;237;2
84;14;2;23;237;2
83;14;7;23;236;2
83;14;7;23;237;2
83;14;7;23;237;2
84;14;6;23;237;2
84;14;2;23;237;2
84;14;2;23;237;2
84;14;2;23;237;2
84;14;2;22;240;2
49;22;2;48;250;2
54;21;2;45;266;2
60;22;2;46;224;2
58;22;2;176;228;2
57;21;2;83;225;2
56;21;2;64;224;2
58;20;2;58;224;2
59;20;2;55;224;2
62;19;2;53;224;2
63;19;2;52;224;2
65;18;2;51;224;2
66;17;2;51;224;2
67;17;2;50;224;2
67;17;2;50;224;2
68;17;2;50;224;2
69;17;2;49;224;2
71;16;2;49;224;2
71;16;2;49;224;2
72;16;2;49;223;2
72;16;2;49;223;2
72;16;2;49;223;2
73;16;2;49;223;2
73;16;2;48;224;2
73;16;2;48;224;2
73;16;2;48;224;2
73;16;2;48;223;2
74;16;2;48;223;2
74;16;2;48;223;2
74;16;3;48;223;2
74;16;4;48;223;2
74;16;4;48;223;2
74;16;5;48;223;2
75;16;5;48;224;2
75;16;5;48;223;2
75;16;5;47;225;2
75;15;5;48;224;2
75;16;6;48;224;2
75;16;6;48;224;2
75;16;7;48;224;2
75;16;6;48;224;2
75;16;6;48;224;2
75;16;6;48;224;2
75;16;6;48;224;2
75;16;6;48;224;2
75;16;4;48;224;2
75;16;6;48;224;2
75;16;7;48;224;2
75;16;8;48;224;2
76;16;6;48;224;2
76;16;8;48;224;2
76;16;8;48;224;2
76;16;8;48;224;2
76;16;7;48;224;2
76;16;7;48;224;2
76;16;8;48;224;2
76;16;8;48;225;2
76;16;8;48;224;2
77;16;9;48;225;2
77;15;8;47;225;2
77;15;8;48;225;2
77;15;8;47;225;2
78;16;7;47;225;2
78;16;2;47;225;2
78;15;5;48;225;2
78;16;5;48;225;2
78;16;2;48;225;2
77;17;3;47;282;2
78;16;2;48;240;2
78;16;2;48;270;2
78;16;2;48;316;2
78;15;2;49;257;2
78;16;2;48;309;2
78;16;2;48;231;2
78;16;2;48;286;2
78;16;8;48;263;2
77;16;7;48;265;2
77;16;2;48;256;2
77;16;4;48;264;2
77;16;4;48;235;2
77;16;4;48;234;2
78;16;3;48;235;2
78;16;3;48;248;2
78;16;3;48;227;2
78;15;3;48;227;2
78;16;3;48;227;2
78;15;3;48;227;2
78;15;3;48;227;2
78;15;3;48;227;2
78;15;3;48;283;2
79;15;3;48;281;2
79;15;3;48;315;2
79;15;3;48;304;2
79;15;3;48;228;2
79;15;3;48;227;2
79;15;3;48;279;2
79;15;3;48;256;2
79;15;3;48;261;2
79;15;3;48;227;2
79;15;3;48;249;2
79;15;3;48;228;2
79;15;3;48;235;2
79;15;3;48;226;2
80;15;3;48;225;2
81;15;3;48;226;2
81;15;3;48;226;2
80;15;3;48;226;2
81;15;3;48;226;2
80;15;3;48;404;2
81;15;3;48;361;2
81;15;3;48;373;2
81;15;3;48;391;2
81;15;3;48;401;2
81;15;3;48;377;2
81;15;3;48;386;2
81;15;3;48;343;2
82;15;7;48;372;2
82;15;7;48;373;2
82;15;7;48;355;2
82;15;7;48;352;2
82;15;7;48;308;2
81;15;7;48;351;2
81;15;7;48;339;2
80;15;7;48;348;2
79;15;7;48;417;2
49;25;7;59;270;2
48;25;7;160;272;2
47;25;7;69;264;2
46;25;7;58;265;2
47;25;7;53;263;2
45;25;7;51;264;2
45;25;7;49;265;2
45;25;7;49;267;2
45;25;7;48;263;2
44;25;7;47;267;2
43;25;7;47;265;2
44;25;7;47;258;2
44;25;7;47;263;2
44;25;7;47;264;2
43;25;7;47;266;2
42;25;7;46;274;2
40;25;7;46;277;2
42;25;7;46;262;2
43;25;7;48;264;2
42;34;7;48;261;2
38;26;7;48;259;2
40;25;7;48;259;2
43;25;7;46;262;2
41;25;7;47;260;2
42;25;7;47;261;2
43;25;7;47;264;2
43;25;7;47;273;2
44;26;7;46;277;2
42;26;7;47;270;2
41;26;7;47;267;2
40;26;7;46;265;2
39;25;7;46;264;2
42;25;7;46;270;2
41;24;7;46;264;2
43;23;7;46;264;2
45;24;7;46;266;2
45;24;7;45;266;2
43;25;7;46;270;2
43;25;7;45;273;2
42;25;7;46;273;2
42;25;7;46;265;2
42;25;7;45;281;2
40;25;7;45;293;2
40;25;7;45;386;2
40;25;7;46;364;2
40;25;7;49;280;2
38;26;7;46;277;2
35;26;7;46;277;2
35;26;7;46;288;2
38;26;7;46;285;2
39;26;7;46;282;2
38;26;7;46;282;2
37;25;7;46;304;2
40;25;7;47;286;2
39;26;7;48;282;2
37;26;7;47;281;2
35;26;7;46;276;2
39;26;7;46;279;2
40;26;7;46;277;2
39;26;7;45;279;2
33;27;7;45;284;2
35;26;7;46;284;2
35;26;7;46;288;2
33;27;7;46;292;2
35;27;7;46;366;2
30;28;7;46;352;2
21;29;7;47;288;2
18;29;7;47;298;2
17;28;7;46;296;2
17;28;7;46;298;2
27;28;7;46;299;2
21;29;7;46;325;2
16;29;7;47;309;2
27;29;7;47;301;2
16;29;7;50;300;2
17;28;7;49;301;2
17;27;7;50;296;2
28;27;7;49;293;2
36;27;7;47;294;2
45;23;7;36;231;2
44;23;7;61;228;2
47;22;7;51;229;2
48;22;7;51;227;2
48;22;7;49;227;2
48;22;7;50;227;2
48;22;7;53;227;2
48;22;7;50;232;2
48;21;7;49;234;2
49;21;7;49;231;2
49;21;7;47;231;2
49;21;7;48;230;2
49;21;7;48;229;2
49;21;7;48;230;2
50;21;7;48;230;2
50;21;7;49;231;2
50;21;7;48;230;2
51;21;7;49;231;2
52;21;7;50;246;2
51;21;7;49;251;2
50;24;7;52;260;2
50;21;7;58;265;2
50;21;7;55;269;2
50;21;7;54;271;2
50;22;7;54;275;2
50;22;7;58;279;2
50;22;7;53;281;2
49;22;7;57;269;2
48;22;7;58;293;2
48;22;7;50;297;2
48;21;7;51;299;2
49;21;7;50;281;2
50;21;7;59;282;2
50;21;7;75;286;2
50;21;7;77;307;2
51;21;7;58;304;2
50;21;7;55;303;2
51;21;7;53;301;2
52;21;7;51;314;2
50;21;7;51;320;2
50;21;7;53;327;2
52;21;7;48;330;2
51;20;7;35;288;2
51;20;7;50;325;2
51;20;7;47;325;2
53;20;7;47;325;2
52;20;7;47;330;2
53;19;7;54;319;2
56;19;7;59;320;2
57;19;7;55;322;2
58;19;7;50;312;2
58;20;7;55;306;2
58;20;7;53;293;2
58;20;7;52;299;2
58;20;7;50;299;2
58;20;7;48;293;2
58;20;7;47;293;2
58;20;7;56;286;2
58;20;7;53;288;2
58;20;7;50;287;2
57;20;7;57;269;2
57;20;7;60;296;2
57;20;7;61;297;2
57;20;7;55;284;2
57;20;7;58;279;2
58;20;8;53;282;2
56;21;7;59;292;2
56;21;7;56;286;2
55;21;7;53;256;2
54;21;8;53;249;2
54;20;6;52;278;2
56;20;6;56;289;2
57;20;6;53;282;2
55;21;6;52;256;2
56;20;4;52;289;2
55;21;6;50;292;2
53;21;7;62;290;2
56;20;8;54;286;2
54;20;6;49;274;2
56;20;8;50;267;2
56;20;8;57;269;2
57;20;8;53;273;2
54;21;7;51;271;2
54;20;7;51;268;2
55;20;8;52;271;2
55;20;8;63;263;2
55;20;8;59;266;2
55;20;9;54;264;2
55;20;8;51;256;2
55;20;8;49;255;2
57;20;8;49;267;2
58;20;7;51;265;2
56;21;2;47;227;2
56;21;5;109;225;2
56;21;5;60;225;2
55;21;2;54;225;2
75;16;3;48;286;2
75;16;2;48;223;2
77;16;2;48;225;3
77;15;2;47;225;3
77;15;2;48;225;3
77;15;2;47;225;3
78;16;2;47;225;3
78;16;2;47;225;3
78;16;8;48;225;3
78;16;7;48;225;3
77;17;2;47;282;3
78;16;2;48;240;3
78;16;4;48;270;3
78;16;4;48;231;3
78;16;4;48;286;3
78;16;3;48;273;3
77;16;3;48;275;3
77;16;3;48;256;3
77;16;3;48;274;3
77;16;3;48;235;3
78;16;3;48;235;3
78;16;3;48;248;3
78;16;3;48;227;3
78;15;3;48;227;3
78;15;3;48;227;3
78;15;3;48;227;3
78;15;3;48;227;3
78;15;3;48;283;3
79;15;3;48;281;3
79;15;3;48;315;3
79;15;3;48;314;3
79;15;3;48;228;3
79;15;3;48;227;3
79;15;3;48;279;3
79;15;3;48;256;3
79;15;3;48;271;3
79;15;3;48;227;3
79;15;3;48;249;3
79;15;3;48;228;3
79;15;3;48;235;3
79;15;3;48;227;3
80;15;3;48;225;3
81;15;3;48;227;3
81;15;3;48;227;3
80;15;3;48;227;3
81;15;3;48;227;3
49;25;3;59;270;3
71;17;3;45;223;3
71;17;3;45;223;3
71;17;3;45;286;3
73;16;3;45;286;3
45;25;3;49;275;3
45;25;3;49;279;3
44;25;3;47;279;3
43;25;3;47;275;3
44;25;3;47;258;3
44;25;3;47;273;3
44;25;3;47;274;3
43;25;3;47;276;3
42;25;3;46;274;3
40;25;3;46;277;3
42;25;9;46;272;3
43;25;8;48;274;3
42;34;8;48;271;3
38;27;8;48;259;3
43;25;8;46;272;3
41;25;8;47;270;3
42;25;8;47;271;3
43;25;7;47;274;3
43;25;7;47;273;3
44;27;7;46;277;3
42;27;7;47;270;3
41;27;7;47;279;3
71;17;7;43;286;3
71;17;7;43;286;3
71;17;7;42;223;3
40;27;7;46;275;3
39;25;7;46;274;3
42;25;7;46;270;3
41;24;7;46;274;3
45;24;7;46;276;3
45;24;7;45;276;3
43;25;7;46;270;3
54;21;7;52;225;3
56;21;7;51;225;3
55;21;7;51;225;3
56;22;7;50;225;3
62;21;7;42;218;3
58;22;7;46;216;3
57;22;7;89;216;3
57;22;7;72;216;3
57;22;7;61;216;3
56;22;7;56;216;3
56;22;7;54;216;3
56;22;7;54;216;3
56;22;7;54;217;3
56;22;7;54;217;3
56;22;7;54;216;3
56;22;7;54;217;3
56;22;7;53;217;3
56;22;7;52;217;3
56;22;7;52;217;3
56;22;7;52;217;3
63;19;7;45;228;3
63;19;7;210;233;3
63;19;7;199;226;3
63;19;7;143;228;3
63;19;7;84;224;3
63;19;7;65;223;3
64;19;7;59;223;3
64;19;7;56;223;3
64;19;7;52;225;3
64;19;7;49;222;3
64;19;7;47;223;3
64;19;7;46;222;3
64;19;7;45;222;3
64;19;7;45;221;3
65;19;7;44;228;3
65;19;7;44;227;3
64;19;7;43;226;3
64;19;7;43;226;3
64;19;7;42;223;3
65;18;7;43;225;3
66;18;7;44;225;3
66;18;7;46;224;3
67;18;7;47;229;3
68;18;7;48;228;3
67;18;7;51;227;3
68;18;7;47;226;3
67;18;7;47;227;3
67;18;7;47;227;3
67;18;7;45;226;3
67;18;7;44;227;3
67;18;7;43;226;3
67;18;7;43;225;3
67;18;7;42;225;3
67;18;7;42;224;3
67;18;7;42;226;3
67;18;7;44;226;3
67;18;7;45;225;3
67;17;7;47;227;3
67;17;7;48;225;3
68;17;7;45;226;3
68;18;7;44;226;3
68;17;7;44;227;3
68;18;7;44;227;3
68;18;7;47;227;3
68;18;7;50;226;3
68;18;7;47;226;3
68;18;7;44;226;3
68;18;7;44;226;3
68;18;7;44;227;3
68;18;7;45;227;3
68;18;7;45;227;3
68;18;7;44;226;3
68;18;7;43;227;3
67;18;7;43;227;3
67;18;7;43;227;3
67;18;7;43;226;3
67;18;7;43;229;3
67;18;7;42;227;3
67;18;7;42;228;3
67;18;7;42;227;3
67;18;7;42;227;3
67;18;7;47;226;3
67;18;7;46;226;3
67;18;7;44;228;3
67;18;7;46;228;3
68;18;7;47;229;3
68;18;7;48;228;3
68;18;7;47;227;3
68;18;7;51;236;3
67;20;7;50;226;3
68;18;7;49;228;3
67;18;7;45;221;3
67;18;7;43;222;3
67;18;7;43;223;3
68;18;7;43;223;3
67;18;7;42;224;3
67;18;7;42;224;3
67;18;7;42;224;3
66;19;7;42;223;3
66;19;7;44;224;3
66;19;7;50;223;3
66;19;7;47;223;3
65;19;7;49;224;3
65;19;7;47;224;3
65;19;7;45;224;3
65;19;7;45;224;3
65;19;7;42;225;3
65;19;7;52;225;3
66;18;7;75;225;3
67;18;7;54;225;3
67;18;7;50;224;3
67;18;7;49;224;3
67;18;7;49;224;3
67;18;7;47;224;3
66;19;7;51;224;3
66;19;7;50;224;3
66;19;7;47;224;3
66;19;7;45;223;3
66;19;7;44;223;3
66;19;7;43;223;3
66;19;7;42;222;3
66;19;7;42;223;3
66;19;7;44;224;3
65;19;7;43;224;3
65;19;7;47;224;3
65;19;7;47;224;3
65;19;7;45;224;3
65;19;7;48;223;3
66;18;7;48;224;3
66;18;7;51;224;3
66;17;7;50;223;3
67;17;7;46;224;3
67;17;7;43;224;3
68;17;7;43;224;3
68;17;7;44;223;3
69;17;7;52;224;3
70;17;7;46;224;3
70;17;7;44;224;3
70;17;7;45;223;3
70;17;7;46;223;3
71;17;7;46;223;3
71;17;7;45;223;3
71;17;7;45;223;3
71;17;7;42;223;3
71;17;7;41;224;3
71;17;7;41;224;3
72;16;7;40;223;3
73;16;7;41;223;3
73;16;7;48;223;3
74;16;7;46;223;3
74;16;7;46;223;3
75;16;7;50;223;3
75;16;7;52;223;3
75;16;7;50;223;3
75;16;7;48;223;3
75;16;7;44;223;3
74;16;7;42;223;3
74;16;7;43;222;3
74;16;7;43;222;3
74;16;7;42;222;3
73;17;7;43;224;3
73;17;7;48;223;3
73;17;7;47;222;3
73;17;7;46;223;3
72;17;7;43;223;3
72;17;7;44;223;3
72;16;7;46;226;3
71;17;7;46;224;3
72;17;7;44;224;3
71;17;7;43;224;3
71;17;7;43;224;3
71;17;7;42;223;3
71;17;7;47;223;3
72;16;7;46;223;3
71;17;7;46;223;3
71;17;7;45;224;3
71;17;7;45;223;3
71;17;7;46;224;3
70;17;7;48;224;3
70;18;7;47;224;3
69;18;7;47;225;3
69;18;7;49;224;3
69;18;7;49;226;3
68;18;7;48;225;3
68;18;7;50;226;3
68;18;7;49;224;3
68;18;7;47;223;3
67;18;7;49;223;3
67;18;7;47;223;3
67;18;7;48;223;3
67;18;7;48;226;3
66;19;7;48;222;3
66;18;7;48;223;3
66;18;7;48;223;3
66;18;7;47;223;3
67;17;7;50;223;3
68;17;7;49;225;3
68;17;7;47;224;3
69;17;7;47;223;3
70;17;7;46;224;3
72;16;7;46;223;3
73;16;7;44;222;3
73;16;7;45;224;3
74;16;7;48;222;3
74;16;7;46;222;3
74;16;8;51;221;3
74;16;7;48;222;3
73;17;7;44;222;3
72;17;7;43;222;3
72;17;7;43;226;3
72;17;8;47;223;3
72;17;13;50;225;3
73;16;8;51;224;3
73;16;10;50;223;3
73;16;10;48;223;3
73;16;9;45;222;3
74;16;99;46;224;3
74;16;99;43;222;3
74;16;9;42;222;3
74;16;9;45;222;3
75;15;9;44;222;3
75;16;9;43;222;3
75;16;8;53;223;3
75;16;8;49;224;3
76;16;8;50;223;3
76;16;8;48;222;3
75;16;8;44;222;3
74;17;7;46;223;3
73;17;7;46;223;3
73;17;7;45;222;3
73;16;7;45;223;3
73;16;7;47;223;3
74;16;7;47;221;3
74;16;7;46;225;3
